year,title,text,extra
1964, the headline of the blurb,first detail text when zoomed in a little bit,additional text when zoomed to the maximum
1965, the headline of the blurb,first detail text when zoomed in a little bit,additional text when zoomed to the maximum
1966, the headline of the blurb,first detail text when zoomed in a little bit,additional text when zoomed to the maximum
1967, the headline of the blurb,first detail text when zoomed in a little bit,additional text when zoomed to the maximum
1968, the headline of the blurb,first detail text when zoomed in a little bit,additional text when zoomed to the maximum
1969, the headline of the blurb,first detail text when zoomed in a little bit,additional text when zoomed to the maximum
1970, the headline of the blurb,first detail text when zoomed in a little bit,additional text when zoomed to the maximum
1971, the headline of the blurb,first detail text when zoomed in a little bit,additional text when zoomed to the maximum
1972, the headline of the blurb,first detail text when zoomed in a little bit,additional text when zoomed to the maximum
1973, the headline of the blurb,first detail text when zoomed in a little bit,additional text when zoomed to the maximum
1974, the headline of the blurb,first detail text when zoomed in a little bit,additional text when zoomed to the maximum
1975, the headline of the blurb,first detail text when zoomed in a little bit,additional text when zoomed to the maximum
1976, the headline of the blurb,first detail text when zoomed in a little bit,additional text when zoomed to the maximum
1977, the headline of the blurb,first detail text when zoomed in a little bit,additional text when zoomed to the maximum
1978, the headline of the blurb,first detail text when zoomed in a little bit,additional text when zoomed to the maximum
1979, the headline of the blurb,first detail text when zoomed in a little bit,additional text when zoomed to the maximum
1980, the headline of the blurb,first detail text when zoomed in a little bit,additional text when zoomed to the maximum
1981, the headline of the blurb,first detail text when zoomed in a little bit,additional text when zoomed to the maximum
1982, the headline of the blurb,first detail text when zoomed in a little bit,additional text when zoomed to the maximum
1983, the headline of the blurb,first detail text when zoomed in a little bit,additional text when zoomed to the maximum
1984, the headline of the blurb,first detail text when zoomed in a little bit,additional text when zoomed to the maximum
1985, the headline of the blurb,first detail text when zoomed in a little bit,additional text when zoomed to the maximum
1986, the headline of the blurb,first detail text when zoomed in a little bit,additional text when zoomed to the maximum
1987, the headline of the blurb,first detail text when zoomed in a little bit,additional text when zoomed to the maximum
1988, the headline of the blurb,first detail text when zoomed in a little bit,additional text when zoomed to the maximum
1989, the headline of the blurb,first detail text when zoomed in a little bit,additional text when zoomed to the maximum
1990, the headline of the blurb,first detail text when zoomed in a little bit,additional text when zoomed to the maximum
1991, the headline of the blurb,first detail text when zoomed in a little bit,additional text when zoomed to the maximum
1992, the headline of the blurb,first detail text when zoomed in a little bit,additional text when zoomed to the maximum
1993, the headline of the blurb,first detail text when zoomed in a little bit,additional text when zoomed to the maximum